[
    {
        "name": "Trawler",
        "Description":"Un chalulier est une navire...",
        "clip": "Chalutier_1.mp3"
    },
    {
        "name": "Crevettes et dauphins",
        "clip": "Crevettes_et_dauphins.mp3"
    },
    {
        "name": "Avion de chasse"
    },
    {
        "name": "Zodiac"
    },
    {
        "name": "Marsouins",
        "clip": "Marsouins.mp3"
    },
    {
        "name": "Baleines",
        "clip": "Baleines.mp3"
    },
    {
        "name": "Cachalots",
        "clip": "Cachalots.mp3"
    },
    {
        "name": "Sous-marin",
        "clip": "Sous-marin.mp3"
    }
]